method,columns
ca_nh4_ph_7_method,ca_nh4_ph_7
mg_nh4_ph_7_method,mg_nh4_ph_7
na_nh4_ph_7_method,na_nh4_ph_7
k_nh4_ph_7_method,k_nh4_ph_7
acidity_bacl2_tea_ph_82_method,acidity_bacl2_tea_ph_8_2
aluminum_kcl_extract_method,aluminum_kcl_extractable
manganese_kcl_extract_method,manganese_kcl_extractable
iron_kcl_extractable_method,iron_kcl_extractable
cec_nh4_ph_7_method,cec_nh4_ph_7
total_carbon_ncs_method,total_carbon_ncs
total_nitrogen_ncs_method,total_nitrogen_ncs
total_sulfur_ncs_method,total_sulfur_ncs
oc_walkley_black_method,organic_carbon_walkley_black
iron_dc_extract_method,fe_dithionite_citrate_extract
aluminum_dc_extract_method,aluminum_dithionite_citrate
manganese_dc_extract_method,manganese_dithionite_citrate
ammonium_ox_opt_dens_method,ammoniumoxalate_opticaldensity
iron_ammonium_oxalate_method,fe_ammoniumoxalate_extractable
al_ammonium_oxalate_method,aluminum_ammonium_oxalate
silica_ammonium_oxalate_method,silica_ammonium_oxalate
mn_ammonium_oxalate_method,manganese_ammonium_oxalate
c_na_pyro_phosphate_method,carbon_sodium_pyro_phospate
iron_na_pyro_phosphate_method,iron_sodium_pyro_phosphate
aluminum_na_pyro_phosphate_met,aluminum_na_pyro_phosphate
mn_na_pyro_phosphate_method,manganese_na_pyro_phosphate
ph_kcl_method,ph_kcl
ph_cacl2_method,ph_cacl2
ph_h2o_method,ph_h2o
ph_saturated_paste_method,ph_saturated_paste
ph_oxidized_method,ph_oxidized
ph_oxidized_method,ph_oxidized_initial
ph_naf_method,ph_naf
ph_water_extract_method,ph_water_extract
caco3_lt_2_mm_method,caco3_lt_2_mm
corrected_gyp_lt_2_mm_method,corrected_gypsum_lt_2_mm
resistivity_sp_method,resistivity_saturated_paste
ca_satx_method,ca_satx
mg_satx_method,mg_satx
ca_plus_mg_satx_method,ca_plus_mg_satx
na_satx_method,na_satx
k_satx_method,k_satx
co3_satx_method,co3_satx
hco3_satx_method,hco3_satx
co3_plus_hco3_satx_method,co3_plus_hco3_satx
cl_satx_method,cl_satx
f_satx_method,f_satx
po4_satx_method,po4_satx
br_satx_method,br_satx
oac_satx_method,oac_satx
so4_satx_method,so4_satx
no2_satx_method,no2_satx
no3_satx_method,no3_satx
h20_satx_method,h20_satx
electrical_cond_satx_method,electrical_conductivity_satx
ec_predict_one_to_two_method,ec_predict_one_to_two
melanic_index_method,melanic_index
new_zealand_phos_retent_method,new_zealand_phosphorus_retent
phosphorus_ammonium_oxalate_method,phosphorus_ammonium_oxalate
phosphorus_ammonium_oxalate_method,phosphorus_anion_resin_one_hr
phosphorus_anion_resin_method,phosphorus_anion_resin_24_hr
phosphorus_bray1_method,phosphorus_bray1
phosphorus_bray2_method,phosphorus_bray2
phosphorus_citric_acid_method,phosphorus_citric_acid
phosphorus_mehlich_3_method,phosphorus_mehlich_3
phosphorus_olsen_method,phosphorus_olsen
phosphorus_water_method,phosphorus_water
water_extract_method,nitrate_1m_kcl
water_extract_method,acetate_water_extractable
water_extract_method,aluminum_water_extractable
water_extract_method,arsenic_water_extractable
water_extract_method,barium_water_extractable
water_extract_method,boron_water_extractable
water_extract_method,bromide_water_extractable
water_extract_method,cadmium_water_extractable
water_extract_method,calcium_water_extractable
water_extract_method,chloride_water_extractable
water_extract_method,chromium_water_extractabe
water_extract_method,cobalt_water_extractable
water_extract_method,copper_water_extracable
water_extract_method,ec_water_extract
water_extract_method,fluoride_water_extractable
water_extract_method,iron_water_extractable
water_extract_method,lead_water_extractable
water_extract_method,magnesium_water_extractable
water_extract_method,manganese_water_extractable
water_extract_method,molybdenum_water_extractable
water_extract_method,nickel_water_extractable
water_extract_method,nitrate_n_water_extractable
water_extract_method,nitrate_water_extractable
water_extract_method,nitrite_water_extractable
water_extract_method,phosphorus_water_extractable
water_extract_method,phosphate_water_extractable
water_extract_method,potassium_water_extractable
water_extract_method,selenium_water_extractable
water_extract_method,silicon_water_extractable
water_extract_method,sodium_water_extractable
water_extract_method,strontium_water_extractable
water_extract_method,sulfate_water_extractable
water_extract_method,vanadium_water_extractable
water_extract_method,zinc_water_extractable
mehlich_3_extractable_method,aluminum_mehlich3_extractable
mehlich_3_extractable_method,arsenic_mehlich3_extractable
mehlich_3_extractable_method,barium_mehlich3_extractable
mehlich_3_extractable_method,cadmium_mehlich3_extractable
mehlich_3_extractable_method,calcium_mehlich3_extractable
mehlich_3_extractable_method,chromium_mehlich3_extractable
mehlich_3_extractable_method,cobalt_mehlich3_extractable
mehlich_3_extractable_method,copper_mehlich3_extractable
mehlich_3_extractable_method,iron_mehlich3_extractable
mehlich_3_extractable_method,lead_mehlich3_extractable
mehlich_3_extractable_method,magnesium_mehlich3_extractable
mehlich_3_extractable_method,manganese_mehlich3_extractable
mehlich_3_extractable_method,molybdenum_mehlich3_extractabl
mehlich_3_extractable_method,nickel_mehlich3_extractable
mehlich_3_extractable_method,phosphorus_mehlich3_extractable
mehlich_3_extractable_method,potassium_mehlich3_extractable
mehlich_3_extractable_method,selenium_mehlich3_extractable
mehlich_3_extractable_method,silicon_mehlich3_extractable
mehlich_3_extractable_method,sodium_mehlich3_extractable
mehlich_3_extractable_method,strontium_mehlich3_extractable
mehlich_3_extractable_method,zinc_mehlich3_extractable
